race_id,date,venue,race_no,race_name,surface,distance_m,class,field_size,weather,going,first_no,first_name,first_popularity,first_odds,second_no,second_name,second_popularity,second_odds,third_no,third_name,third_popularity,third_odds,win_payout,quinella_payout,wide_payouts,trio_payout,trifecta_payout,source_bulk,source_detail,jra_official_check,data_status,notes
202606040101,2026-09-05,中山,1,,,,その他,0,,,,,,,,,,,,,,,,,,,,https://db.netkeiba.com/race/list/20260905/,https://db.sp.netkeiba.com/race/202606040101/,未照合,異常候補,course_meta_missing;quinella_missing;top3_missing;trio_missing;weather_going_missing;wide_missing
202606040102,2026-09-05,中山,2,,,,その他,0,,,,,,,,,,,,,,,,,,,,https://db.netkeiba.com/race/list/20260905/,https://db.sp.netkeiba.com/race/202606040102/,未照合,異常候補,course_meta_missing;quinella_missing;top3_missing;trio_missing;weather_going_missing;wide_missing
202606040103,2026-09-05,中山,3,,,,その他,0,,,,,,,,,,,,,,,,,,,,https://db.netkeiba.com/race/list/20260905/,https://db.sp.netkeiba.com/race/202606040103/,未照合,異常候補,course_meta_missing;quinella_missing;top3_missing;trio_missing;weather_going_missing;wide_missing
202606040104,2026-09-05,中山,4,,,,その他,0,,,,,,,,,,,,,,,,,,,,https://db.netkeiba.com/race/list/20260905/,https://db.sp.netkeiba.com/race/202606040104/,未照合,異常候補,course_meta_missing;quinella_missing;top3_missing;trio_missing;weather_going_missing;wide_missing
202606040105,2026-09-05,中山,5,,,,その他,0,,,,,,,,,,,,,,,,,,,,https://db.netkeiba.com/race/list/20260905/,https://db.sp.netkeiba.com/race/202606040105/,未照合,異常候補,course_meta_missing;quinella_missing;top3_missing;trio_missing;weather_going_missing;wide_missing
202606040106,2026-09-05,中山,6,,,,その他,0,,,,,,,,,,,,,,,,,,,,https://db.netkeiba.com/race/list/20260905/,https://db.sp.netkeiba.com/race/202606040106/,未照合,異常候補,course_meta_missing;quinella_missing;top3_missing;trio_missing;weather_going_missing;wide_missing
202606040107,2026-09-05,中山,7,,,,その他,0,,,,,,,,,,,,,,,,,,,,https://db.netkeiba.com/race/list/20260905/,https://db.sp.netkeiba.com/race/202606040107/,未照合,異常候補,course_meta_missing;quinella_missing;top3_missing;trio_missing;weather_going_missing;wide_missing
202606040108,2026-09-05,中山,8,,,,その他,0,,,,,,,,,,,,,,,,,,,,https://db.netkeiba.com/race/list/20260905/,https://db.sp.netkeiba.com/race/202606040108/,未照合,異常候補,course_meta_missing;quinella_missing;top3_missing;trio_missing;weather_going_missing;wide_missing
202606040109,2026-09-05,中山,9,,,,その他,0,,,,,,,,,,,,,,,,,,,,https://db.netkeiba.com/race/list/20260905/,https://db.sp.netkeiba.com/race/202606040109/,未照合,異常候補,course_meta_missing;quinella_missing;top3_missing;trio_missing;weather_going_missing;wide_missing
202606040110,2026-09-05,中山,10,,,,その他,0,,,,,,,,,,,,,,,,,,,,https://db.netkeiba.com/race/list/20260905/,https://db.sp.netkeiba.com/race/202606040110/,未照合,異常候補,course_meta_missing;quinella_missing;top3_missing;trio_missing;weather_going_missing;wide_missing
202606040111,2026-09-05,中山,11,,,,その他,0,,,,,,,,,,,,,,,,,,,,https://db.netkeiba.com/race/list/20260905/,https://db.sp.netkeiba.com/race/202606040111/,未照合,異常候補,course_meta_missing;quinella_missing;top3_missing;trio_missing;weather_going_missing;wide_missing
202606040112,2026-09-05,中山,12,,,,その他,0,,,,,,,,,,,,,,,,,,,,https://db.netkeiba.com/race/list/20260905/,https://db.sp.netkeiba.com/race/202606040112/,未照合,異常候補,course_meta_missing;quinella_missing;top3_missing;trio_missing;weather_going_missing;wide_missing
202601020501,2026-09-05,札幌,1,,,,その他,0,,,,,,,,,,,,,,,,,,,,https://db.netkeiba.com/race/list/20260905/,https://db.sp.netkeiba.com/race/202601020501/,未照合,異常候補,course_meta_missing;quinella_missing;top3_missing;trio_missing;weather_going_missing;wide_missing
202601020502,2026-09-05,札幌,2,,,,その他,0,,,,,,,,,,,,,,,,,,,,https://db.netkeiba.com/race/list/20260905/,https://db.sp.netkeiba.com/race/202601020502/,未照合,異常候補,course_meta_missing;quinella_missing;top3_missing;trio_missing;weather_going_missing;wide_missing
202601020503,2026-09-05,札幌,3,,,,その他,0,,,,,,,,,,,,,,,,,,,,https://db.netkeiba.com/race/list/20260905/,https://db.sp.netkeiba.com/race/202601020503/,未照合,異常候補,course_meta_missing;quinella_missing;top3_missing;trio_missing;weather_going_missing;wide_missing
202601020504,2026-09-05,札幌,4,,,,その他,0,,,,,,,,,,,,,,,,,,,,https://db.netkeiba.com/race/list/20260905/,https://db.sp.netkeiba.com/race/202601020504/,未照合,異常候補,course_meta_missing;quinella_missing;top3_missing;trio_missing;weather_going_missing;wide_missing
202601020505,2026-09-05,札幌,5,,,,その他,0,,,,,,,,,,,,,,,,,,,,https://db.netkeiba.com/race/list/20260905/,https://db.sp.netkeiba.com/race/202601020505/,未照合,異常候補,course_meta_missing;quinella_missing;top3_missing;trio_missing;weather_going_missing;wide_missing
202601020506,2026-09-05,札幌,6,,,,その他,0,,,,,,,,,,,,,,,,,,,,https://db.netkeiba.com/race/list/20260905/,https://db.sp.netkeiba.com/race/202601020506/,未照合,異常候補,course_meta_missing;quinella_missing;top3_missing;trio_missing;weather_going_missing;wide_missing
202601020507,2026-09-05,札幌,7,,,,その他,0,,,,,,,,,,,,,,,,,,,,https://db.netkeiba.com/race/list/20260905/,https://db.sp.netkeiba.com/race/202601020507/,未照合,異常候補,course_meta_missing;quinella_missing;top3_missing;trio_missing;weather_going_missing;wide_missing
202601020508,2026-09-05,札幌,8,,,,その他,0,,,,,,,,,,,,,,,,,,,,https://db.netkeiba.com/race/list/20260905/,https://db.sp.netkeiba.com/race/202601020508/,未照合,異常候補,course_meta_missing;quinella_missing;top3_missing;trio_missing;weather_going_missing;wide_missing
202601020509,2026-09-05,札幌,9,,,,その他,0,,,,,,,,,,,,,,,,,,,,https://db.netkeiba.com/race/list/20260905/,https://db.sp.netkeiba.com/race/202601020509/,未照合,異常候補,course_meta_missing;quinella_missing;top3_missing;trio_missing;weather_going_missing;wide_missing
202601020510,2026-09-05,札幌,10,,,,その他,0,,,,,,,,,,,,,,,,,,,,https://db.netkeiba.com/race/list/20260905/,https://db.sp.netkeiba.com/race/202601020510/,未照合,異常候補,course_meta_missing;quinella_missing;top3_missing;trio_missing;weather_going_missing;wide_missing
202601020511,2026-09-05,札幌,11,,,,その他,0,,,,,,,,,,,,,,,,,,,,https://db.netkeiba.com/race/list/20260905/,https://db.sp.netkeiba.com/race/202601020511/,未照合,異常候補,course_meta_missing;quinella_missing;top3_missing;trio_missing;weather_going_missing;wide_missing
202601020512,2026-09-05,札幌,12,,,,その他,0,,,,,,,,,,,,,,,,,,,,https://db.netkeiba.com/race/list/20260905/,https://db.sp.netkeiba.com/race/202601020512/,未照合,異常候補,course_meta_missing;quinella_missing;top3_missing;trio_missing;weather_going_missing;wide_missing
202609040101,2026-09-05,阪神,1,,,,その他,0,,,,,,,,,,,,,,,,,,,,https://db.netkeiba.com/race/list/20260905/,https://db.sp.netkeiba.com/race/202609040101/,未照合,異常候補,course_meta_missing;quinella_missing;top3_missing;trio_missing;weather_going_missing;wide_missing
202609040102,2026-09-05,阪神,2,,,,その他,0,,,,,,,,,,,,,,,,,,,,https://db.netkeiba.com/race/list/20260905/,https://db.sp.netkeiba.com/race/202609040102/,未照合,異常候補,course_meta_missing;quinella_missing;top3_missing;trio_missing;weather_going_missing;wide_missing
202609040103,2026-09-05,阪神,3,,,,その他,0,,,,,,,,,,,,,,,,,,,,https://db.netkeiba.com/race/list/20260905/,https://db.sp.netkeiba.com/race/202609040103/,未照合,異常候補,course_meta_missing;quinella_missing;top3_missing;trio_missing;weather_going_missing;wide_missing
202609040104,2026-09-05,阪神,4,,,,その他,0,,,,,,,,,,,,,,,,,,,,https://db.netkeiba.com/race/list/20260905/,https://db.sp.netkeiba.com/race/202609040104/,未照合,異常候補,course_meta_missing;quinella_missing;top3_missing;trio_missing;weather_going_missing;wide_missing
202609040105,2026-09-05,阪神,5,,,,その他,0,,,,,,,,,,,,,,,,,,,,https://db.netkeiba.com/race/list/20260905/,https://db.sp.netkeiba.com/race/202609040105/,未照合,異常候補,course_meta_missing;quinella_missing;top3_missing;trio_missing;weather_going_missing;wide_missing
202609040106,2026-09-05,阪神,6,,,,その他,0,,,,,,,,,,,,,,,,,,,,https://db.netkeiba.com/race/list/20260905/,https://db.sp.netkeiba.com/race/202609040106/,未照合,異常候補,course_meta_missing;quinella_missing;top3_missing;trio_missing;weather_going_missing;wide_missing
202609040107,2026-09-05,阪神,7,,,,その他,0,,,,,,,,,,,,,,,,,,,,https://db.netkeiba.com/race/list/20260905/,https://db.sp.netkeiba.com/race/202609040107/,未照合,異常候補,course_meta_missing;quinella_missing;top3_missing;trio_missing;weather_going_missing;wide_missing
202609040108,2026-09-05,阪神,8,,,,その他,0,,,,,,,,,,,,,,,,,,,,https://db.netkeiba.com/race/list/20260905/,https://db.sp.netkeiba.com/race/202609040108/,未照合,異常候補,course_meta_missing;quinella_missing;top3_missing;trio_missing;weather_going_missing;wide_missing
202609040109,2026-09-05,阪神,9,,,,その他,0,,,,,,,,,,,,,,,,,,,,https://db.netkeiba.com/race/list/20260905/,https://db.sp.netkeiba.com/race/202609040109/,未照合,異常候補,course_meta_missing;quinella_missing;top3_missing;trio_missing;weather_going_missing;wide_missing
202609040110,2026-09-05,阪神,10,,,,その他,0,,,,,,,,,,,,,,,,,,,,https://db.netkeiba.com/race/list/20260905/,https://db.sp.netkeiba.com/race/202609040110/,未照合,異常候補,course_meta_missing;quinella_missing;top3_missing;trio_missing;weather_going_missing;wide_missing
202609040111,2026-09-05,阪神,11,,,,その他,0,,,,,,,,,,,,,,,,,,,,https://db.netkeiba.com/race/list/20260905/,https://db.sp.netkeiba.com/race/202609040111/,未照合,異常候補,course_meta_missing;quinella_missing;top3_missing;trio_missing;weather_going_missing;wide_missing
202609040112,2026-09-05,阪神,12,,,,その他,0,,,,,,,,,,,,,,,,,,,,https://db.netkeiba.com/race/list/20260905/,https://db.sp.netkeiba.com/race/202609040112/,未照合,異常候補,course_meta_missing;quinella_missing;top3_missing;trio_missing;weather_going_missing;wide_missing
202606040201,2026-09-06,中山,1,,,,その他,0,,,,,,,,,,,,,,,,,,,,https://db.netkeiba.com/race/list/20260906/,https://db.sp.netkeiba.com/race/202606040201/,未照合,異常候補,course_meta_missing;quinella_missing;top3_missing;trio_missing;weather_going_missing;wide_missing
202606040202,2026-09-06,中山,2,,,,その他,0,,,,,,,,,,,,,,,,,,,,https://db.netkeiba.com/race/list/20260906/,https://db.sp.netkeiba.com/race/202606040202/,未照合,異常候補,course_meta_missing;quinella_missing;top3_missing;trio_missing;weather_going_missing;wide_missing
202606040203,2026-09-06,中山,3,,,,その他,0,,,,,,,,,,,,,,,,,,,,https://db.netkeiba.com/race/list/20260906/,https://db.sp.netkeiba.com/race/202606040203/,未照合,異常候補,course_meta_missing;quinella_missing;top3_missing;trio_missing;weather_going_missing;wide_missing
202606040204,2026-09-06,中山,4,,,,その他,0,,,,,,,,,,,,,,,,,,,,https://db.netkeiba.com/race/list/20260906/,https://db.sp.netkeiba.com/race/202606040204/,未照合,異常候補,course_meta_missing;quinella_missing;top3_missing;trio_missing;weather_going_missing;wide_missing
202606040205,2026-09-06,中山,5,,,,その他,0,,,,,,,,,,,,,,,,,,,,https://db.netkeiba.com/race/list/20260906/,https://db.sp.netkeiba.com/race/202606040205/,未照合,異常候補,course_meta_missing;quinella_missing;top3_missing;trio_missing;weather_going_missing;wide_missing
202606040206,2026-09-06,中山,6,,,,その他,0,,,,,,,,,,,,,,,,,,,,https://db.netkeiba.com/race/list/20260906/,https://db.sp.netkeiba.com/race/202606040206/,未照合,異常候補,course_meta_missing;quinella_missing;top3_missing;trio_missing;weather_going_missing;wide_missing
202606040207,2026-09-06,中山,7,,,,その他,0,,,,,,,,,,,,,,,,,,,,https://db.netkeiba.com/race/list/20260906/,https://db.sp.netkeiba.com/race/202606040207/,未照合,異常候補,course_meta_missing;quinella_missing;top3_missing;trio_missing;weather_going_missing;wide_missing
202606040208,2026-09-06,中山,8,,,,その他,0,,,,,,,,,,,,,,,,,,,,https://db.netkeiba.com/race/list/20260906/,https://db.sp.netkeiba.com/race/202606040208/,未照合,異常候補,course_meta_missing;quinella_missing;top3_missing;trio_missing;weather_going_missing;wide_missing
202606040209,2026-09-06,中山,9,,,,その他,0,,,,,,,,,,,,,,,,,,,,https://db.netkeiba.com/race/list/20260906/,https://db.sp.netkeiba.com/race/202606040209/,未照合,異常候補,course_meta_missing;quinella_missing;top3_missing;trio_missing;weather_going_missing;wide_missing
202606040210,2026-09-06,中山,10,,,,その他,0,,,,,,,,,,,,,,,,,,,,https://db.netkeiba.com/race/list/20260906/,https://db.sp.netkeiba.com/race/202606040210/,未照合,異常候補,course_meta_missing;quinella_missing;top3_missing;trio_missing;weather_going_missing;wide_missing
202606040211,2026-09-06,中山,11,,,,その他,0,,,,,,,,,,,,,,,,,,,,https://db.netkeiba.com/race/list/20260906/,https://db.sp.netkeiba.com/race/202606040211/,未照合,異常候補,course_meta_missing;quinella_missing;top3_missing;trio_missing;weather_going_missing;wide_missing
202606040212,2026-09-06,中山,12,,,,その他,0,,,,,,,,,,,,,,,,,,,,https://db.netkeiba.com/race/list/20260906/,https://db.sp.netkeiba.com/race/202606040212/,未照合,異常候補,course_meta_missing;quinella_missing;top3_missing;trio_missing;weather_going_missing;wide_missing
202601020601,2026-09-06,札幌,1,,,,その他,0,,,,,,,,,,,,,,,,,,,,https://db.netkeiba.com/race/list/20260906/,https://db.sp.netkeiba.com/race/202601020601/,未照合,異常候補,course_meta_missing;quinella_missing;top3_missing;trio_missing;weather_going_missing;wide_missing
202601020602,2026-09-06,札幌,2,,,,その他,0,,,,,,,,,,,,,,,,,,,,https://db.netkeiba.com/race/list/20260906/,https://db.sp.netkeiba.com/race/202601020602/,未照合,異常候補,course_meta_missing;quinella_missing;top3_missing;trio_missing;weather_going_missing;wide_missing
202601020603,2026-09-06,札幌,3,,,,その他,0,,,,,,,,,,,,,,,,,,,,https://db.netkeiba.com/race/list/20260906/,https://db.sp.netkeiba.com/race/202601020603/,未照合,異常候補,course_meta_missing;quinella_missing;top3_missing;trio_missing;weather_going_missing;wide_missing
202601020604,2026-09-06,札幌,4,,,,その他,0,,,,,,,,,,,,,,,,,,,,https://db.netkeiba.com/race/list/20260906/,https://db.sp.netkeiba.com/race/202601020604/,未照合,異常候補,course_meta_missing;quinella_missing;top3_missing;trio_missing;weather_going_missing;wide_missing
202601020605,2026-09-06,札幌,5,,,,その他,0,,,,,,,,,,,,,,,,,,,,https://db.netkeiba.com/race/list/20260906/,https://db.sp.netkeiba.com/race/202601020605/,未照合,異常候補,course_meta_missing;quinella_missing;top3_missing;trio_missing;weather_going_missing;wide_missing
202601020606,2026-09-06,札幌,6,,,,その他,0,,,,,,,,,,,,,,,,,,,,https://db.netkeiba.com/race/list/20260906/,https://db.sp.netkeiba.com/race/202601020606/,未照合,異常候補,course_meta_missing;quinella_missing;top3_missing;trio_missing;weather_going_missing;wide_missing
202601020607,2026-09-06,札幌,7,,,,その他,0,,,,,,,,,,,,,,,,,,,,https://db.netkeiba.com/race/list/20260906/,https://db.sp.netkeiba.com/race/202601020607/,未照合,異常候補,course_meta_missing;quinella_missing;top3_missing;trio_missing;weather_going_missing;wide_missing
202601020608,2026-09-06,札幌,8,,,,その他,0,,,,,,,,,,,,,,,,,,,,https://db.netkeiba.com/race/list/20260906/,https://db.sp.netkeiba.com/race/202601020608/,未照合,異常候補,course_meta_missing;quinella_missing;top3_missing;trio_missing;weather_going_missing;wide_missing
202601020609,2026-09-06,札幌,9,,,,その他,0,,,,,,,,,,,,,,,,,,,,https://db.netkeiba.com/race/list/20260906/,https://db.sp.netkeiba.com/race/202601020609/,未照合,異常候補,course_meta_missing;quinella_missing;top3_missing;trio_missing;weather_going_missing;wide_missing
202601020610,2026-09-06,札幌,10,,,,その他,0,,,,,,,,,,,,,,,,,,,,https://db.netkeiba.com/race/list/20260906/,https://db.sp.netkeiba.com/race/202601020610/,未照合,異常候補,course_meta_missing;quinella_missing;top3_missing;trio_missing;weather_going_missing;wide_missing
202601020611,2026-09-06,札幌,11,,,,その他,0,,,,,,,,,,,,,,,,,,,,https://db.netkeiba.com/race/list/20260906/,https://db.sp.netkeiba.com/race/202601020611/,未照合,異常候補,course_meta_missing;quinella_missing;top3_missing;trio_missing;weather_going_missing;wide_missing
202601020612,2026-09-06,札幌,12,,,,その他,0,,,,,,,,,,,,,,,,,,,,https://db.netkeiba.com/race/list/20260906/,https://db.sp.netkeiba.com/race/202601020612/,未照合,異常候補,course_meta_missing;quinella_missing;top3_missing;trio_missing;weather_going_missing;wide_missing
202609040201,2026-09-06,阪神,1,,,,その他,0,,,,,,,,,,,,,,,,,,,,https://db.netkeiba.com/race/list/20260906/,https://db.sp.netkeiba.com/race/202609040201/,未照合,異常候補,course_meta_missing;quinella_missing;top3_missing;trio_missing;weather_going_missing;wide_missing
202609040202,2026-09-06,阪神,2,,,,その他,0,,,,,,,,,,,,,,,,,,,,https://db.netkeiba.com/race/list/20260906/,https://db.sp.netkeiba.com/race/202609040202/,未照合,異常候補,course_meta_missing;quinella_missing;top3_missing;trio_missing;weather_going_missing;wide_missing
202609040203,2026-09-06,阪神,3,,,,その他,0,,,,,,,,,,,,,,,,,,,,https://db.netkeiba.com/race/list/20260906/,https://db.sp.netkeiba.com/race/202609040203/,未照合,異常候補,course_meta_missing;quinella_missing;top3_missing;trio_missing;weather_going_missing;wide_missing
202609040204,2026-09-06,阪神,4,,,,その他,0,,,,,,,,,,,,,,,,,,,,https://db.netkeiba.com/race/list/20260906/,https://db.sp.netkeiba.com/race/202609040204/,未照合,異常候補,course_meta_missing;quinella_missing;top3_missing;trio_missing;weather_going_missing;wide_missing
202609040205,2026-09-06,阪神,5,,,,その他,0,,,,,,,,,,,,,,,,,,,,https://db.netkeiba.com/race/list/20260906/,https://db.sp.netkeiba.com/race/202609040205/,未照合,異常候補,course_meta_missing;quinella_missing;top3_missing;trio_missing;weather_going_missing;wide_missing
202609040206,2026-09-06,阪神,6,,,,その他,0,,,,,,,,,,,,,,,,,,,,https://db.netkeiba.com/race/list/20260906/,https://db.sp.netkeiba.com/race/202609040206/,未照合,異常候補,course_meta_missing;quinella_missing;top3_missing;trio_missing;weather_going_missing;wide_missing
202609040207,2026-09-06,阪神,7,,,,その他,0,,,,,,,,,,,,,,,,,,,,https://db.netkeiba.com/race/list/20260906/,https://db.sp.netkeiba.com/race/202609040207/,未照合,異常候補,course_meta_missing;quinella_missing;top3_missing;trio_missing;weather_going_missing;wide_missing
202609040208,2026-09-06,阪神,8,,,,その他,0,,,,,,,,,,,,,,,,,,,,https://db.netkeiba.com/race/list/20260906/,https://db.sp.netkeiba.com/race/202609040208/,未照合,異常候補,course_meta_missing;quinella_missing;top3_missing;trio_missing;weather_going_missing;wide_missing
202609040209,2026-09-06,阪神,9,,,,その他,0,,,,,,,,,,,,,,,,,,,,https://db.netkeiba.com/race/list/20260906/,https://db.sp.netkeiba.com/race/202609040209/,未照合,異常候補,course_meta_missing;quinella_missing;top3_missing;trio_missing;weather_going_missing;wide_missing
202609040210,2026-09-06,阪神,10,,,,その他,0,,,,,,,,,,,,,,,,,,,,https://db.netkeiba.com/race/list/20260906/,https://db.sp.netkeiba.com/race/202609040210/,未照合,異常候補,course_meta_missing;quinella_missing;top3_missing;trio_missing;weather_going_missing;wide_missing
202609040211,2026-09-06,阪神,11,,,,その他,0,,,,,,,,,,,,,,,,,,,,https://db.netkeiba.com/race/list/20260906/,https://db.sp.netkeiba.com/race/202609040211/,未照合,異常候補,course_meta_missing;quinella_missing;top3_missing;trio_missing;weather_going_missing;wide_missing
202609040212,2026-09-06,阪神,12,,,,その他,0,,,,,,,,,,,,,,,,,,,,https://db.netkeiba.com/race/list/20260906/,https://db.sp.netkeiba.com/race/202609040212/,未照合,異常候補,course_meta_missing;quinella_missing;top3_missing;trio_missing;weather_going_missing;wide_missing
202606040301,2026-09-12,中山,1,,,,その他,0,,,,,,,,,,,,,,,,,,,,https://db.netkeiba.com/race/list/20260912/,https://db.sp.netkeiba.com/race/202606040301/,未照合,異常候補,course_meta_missing;quinella_missing;top3_missing;trio_missing;weather_going_missing;wide_missing
202606040302,2026-09-12,中山,2,,,,その他,0,,,,,,,,,,,,,,,,,,,,https://db.netkeiba.com/race/list/20260912/,https://db.sp.netkeiba.com/race/202606040302/,未照合,異常候補,course_meta_missing;quinella_missing;top3_missing;trio_missing;weather_going_missing;wide_missing
202606040303,2026-09-12,中山,3,,,,その他,0,,,,,,,,,,,,,,,,,,,,https://db.netkeiba.com/race/list/20260912/,https://db.sp.netkeiba.com/race/202606040303/,未照合,異常候補,course_meta_missing;quinella_missing;top3_missing;trio_missing;weather_going_missing;wide_missing
202606040304,2026-09-12,中山,4,,,,その他,0,,,,,,,,,,,,,,,,,,,,https://db.netkeiba.com/race/list/20260912/,https://db.sp.netkeiba.com/race/202606040304/,未照合,異常候補,course_meta_missing;quinella_missing;top3_missing;trio_missing;weather_going_missing;wide_missing
202606040305,2026-09-12,中山,5,,,,その他,0,,,,,,,,,,,,,,,,,,,,https://db.netkeiba.com/race/list/20260912/,https://db.sp.netkeiba.com/race/202606040305/,未照合,異常候補,course_meta_missing;quinella_missing;top3_missing;trio_missing;weather_going_missing;wide_missing
202606040306,2026-09-12,中山,6,,,,その他,0,,,,,,,,,,,,,,,,,,,,https://db.netkeiba.com/race/list/20260912/,https://db.sp.netkeiba.com/race/202606040306/,未照合,異常候補,course_meta_missing;quinella_missing;top3_missing;trio_missing;weather_going_missing;wide_missing
202606040307,2026-09-12,中山,7,,,,その他,0,,,,,,,,,,,,,,,,,,,,https://db.netkeiba.com/race/list/20260912/,https://db.sp.netkeiba.com/race/202606040307/,未照合,異常候補,course_meta_missing;quinella_missing;top3_missing;trio_missing;weather_going_missing;wide_missing
202606040308,2026-09-12,中山,8,,,,その他,0,,,,,,,,,,,,,,,,,,,,https://db.netkeiba.com/race/list/20260912/,https://db.sp.netkeiba.com/race/202606040308/,未照合,異常候補,course_meta_missing;quinella_missing;top3_missing;trio_missing;weather_going_missing;wide_missing
202606040309,2026-09-12,中山,9,,,,その他,0,,,,,,,,,,,,,,,,,,,,https://db.netkeiba.com/race/list/20260912/,https://db.sp.netkeiba.com/race/202606040309/,未照合,異常候補,course_meta_missing;quinella_missing;top3_missing;trio_missing;weather_going_missing;wide_missing
202606040310,2026-09-12,中山,10,,,,その他,0,,,,,,,,,,,,,,,,,,,,https://db.netkeiba.com/race/list/20260912/,https://db.sp.netkeiba.com/race/202606040310/,未照合,異常候補,course_meta_missing;quinella_missing;top3_missing;trio_missing;weather_going_missing;wide_missing
202606040311,2026-09-12,中山,11,,,,その他,0,,,,,,,,,,,,,,,,,,,,https://db.netkeiba.com/race/list/20260912/,https://db.sp.netkeiba.com/race/202606040311/,未照合,異常候補,course_meta_missing;quinella_missing;top3_missing;trio_missing;weather_going_missing;wide_missing
202606040312,2026-09-12,中山,12,,,,その他,0,,,,,,,,,,,,,,,,,,,,https://db.netkeiba.com/race/list/20260912/,https://db.sp.netkeiba.com/race/202606040312/,未照合,異常候補,course_meta_missing;quinella_missing;top3_missing;trio_missing;weather_going_missing;wide_missing
202609040301,2026-09-12,阪神,1,,,,その他,0,,,,,,,,,,,,,,,,,,,,https://db.netkeiba.com/race/list/20260912/,https://db.sp.netkeiba.com/race/202609040301/,未照合,異常候補,course_meta_missing;quinella_missing;top3_missing;trio_missing;weather_going_missing;wide_missing
202609040302,2026-09-12,阪神,2,,,,その他,0,,,,,,,,,,,,,,,,,,,,https://db.netkeiba.com/race/list/20260912/,https://db.sp.netkeiba.com/race/202609040302/,未照合,異常候補,course_meta_missing;quinella_missing;top3_missing;trio_missing;weather_going_missing;wide_missing
202609040303,2026-09-12,阪神,3,,,,その他,0,,,,,,,,,,,,,,,,,,,,https://db.netkeiba.com/race/list/20260912/,https://db.sp.netkeiba.com/race/202609040303/,未照合,異常候補,course_meta_missing;quinella_missing;top3_missing;trio_missing;weather_going_missing;wide_missing
202609040304,2026-09-12,阪神,4,,,,その他,0,,,,,,,,,,,,,,,,,,,,https://db.netkeiba.com/race/list/20260912/,https://db.sp.netkeiba.com/race/202609040304/,未照合,異常候補,course_meta_missing;quinella_missing;top3_missing;trio_missing;weather_going_missing;wide_missing
202609040305,2026-09-12,阪神,5,,,,その他,0,,,,,,,,,,,,,,,,,,,,https://db.netkeiba.com/race/list/20260912/,https://db.sp.netkeiba.com/race/202609040305/,未照合,異常候補,course_meta_missing;quinella_missing;top3_missing;trio_missing;weather_going_missing;wide_missing
202609040306,2026-09-12,阪神,6,,,,その他,0,,,,,,,,,,,,,,,,,,,,https://db.netkeiba.com/race/list/20260912/,https://db.sp.netkeiba.com/race/202609040306/,未照合,異常候補,course_meta_missing;quinella_missing;top3_missing;trio_missing;weather_going_missing;wide_missing
202609040307,2026-09-12,阪神,7,,,,その他,0,,,,,,,,,,,,,,,,,,,,https://db.netkeiba.com/race/list/20260912/,https://db.sp.netkeiba.com/race/202609040307/,未照合,異常候補,course_meta_missing;quinella_missing;top3_missing;trio_missing;weather_going_missing;wide_missing
202609040308,2026-09-12,阪神,8,,,,その他,0,,,,,,,,,,,,,,,,,,,,https://db.netkeiba.com/race/list/20260912/,https://db.sp.netkeiba.com/race/202609040308/,未照合,異常候補,course_meta_missing;quinella_missing;top3_missing;trio_missing;weather_going_missing;wide_missing
202609040309,2026-09-12,阪神,9,,,,その他,0,,,,,,,,,,,,,,,,,,,,https://db.netkeiba.com/race/list/20260912/,https://db.sp.netkeiba.com/race/202609040309/,未照合,異常候補,course_meta_missing;quinella_missing;top3_missing;trio_missing;weather_going_missing;wide_missing
202609040310,2026-09-12,阪神,10,,,,その他,0,,,,,,,,,,,,,,,,,,,,https://db.netkeiba.com/race/list/20260912/,https://db.sp.netkeiba.com/race/202609040310/,未照合,異常候補,course_meta_missing;quinella_missing;top3_missing;trio_missing;weather_going_missing;wide_missing
202609040311,2026-09-12,阪神,11,,,,その他,0,,,,,,,,,,,,,,,,,,,,https://db.netkeiba.com/race/list/20260912/,https://db.sp.netkeiba.com/race/202609040311/,未照合,異常候補,course_meta_missing;quinella_missing;top3_missing;trio_missing;weather_going_missing;wide_missing
202609040312,2026-09-12,阪神,12,,,,その他,0,,,,,,,,,,,,,,,,,,,,https://db.netkeiba.com/race/list/20260912/,https://db.sp.netkeiba.com/race/202609040312/,未照合,異常候補,course_meta_missing;quinella_missing;top3_missing;trio_missing;weather_going_missing;wide_missing
202606040401,2026-09-13,中山,1,,,,その他,0,,,,,,,,,,,,,,,,,,,,https://db.netkeiba.com/race/list/20260913/,https://db.sp.netkeiba.com/race/202606040401/,未照合,異常候補,course_meta_missing;quinella_missing;top3_missing;trio_missing;weather_going_missing;wide_missing
202606040402,2026-09-13,中山,2,,,,その他,0,,,,,,,,,,,,,,,,,,,,https://db.netkeiba.com/race/list/20260913/,https://db.sp.netkeiba.com/race/202606040402/,未照合,異常候補,course_meta_missing;quinella_missing;top3_missing;trio_missing;weather_going_missing;wide_missing
202606040403,2026-09-13,中山,3,,,,その他,0,,,,,,,,,,,,,,,,,,,,https://db.netkeiba.com/race/list/20260913/,https://db.sp.netkeiba.com/race/202606040403/,未照合,異常候補,course_meta_missing;quinella_missing;top3_missing;trio_missing;weather_going_missing;wide_missing
202606040404,2026-09-13,中山,4,,,,その他,0,,,,,,,,,,,,,,,,,,,,https://db.netkeiba.com/race/list/20260913/,https://db.sp.netkeiba.com/race/202606040404/,未照合,異常候補,course_meta_missing;quinella_missing;top3_missing;trio_missing;weather_going_missing;wide_missing
202606040405,2026-09-13,中山,5,,,,その他,0,,,,,,,,,,,,,,,,,,,,https://db.netkeiba.com/race/list/20260913/,https://db.sp.netkeiba.com/race/202606040405/,未照合,異常候補,course_meta_missing;quinella_missing;top3_missing;trio_missing;weather_going_missing;wide_missing
202606040406,2026-09-13,中山,6,,,,その他,0,,,,,,,,,,,,,,,,,,,,https://db.netkeiba.com/race/list/20260913/,https://db.sp.netkeiba.com/race/202606040406/,未照合,異常候補,course_meta_missing;quinella_missing;top3_missing;trio_missing;weather_going_missing;wide_missing
202606040407,2026-09-13,中山,7,,,,その他,0,,,,,,,,,,,,,,,,,,,,https://db.netkeiba.com/race/list/20260913/,https://db.sp.netkeiba.com/race/202606040407/,未照合,異常候補,course_meta_missing;quinella_missing;top3_missing;trio_missing;weather_going_missing;wide_missing
202606040408,2026-09-13,中山,8,,,,その他,0,,,,,,,,,,,,,,,,,,,,https://db.netkeiba.com/race/list/20260913/,https://db.sp.netkeiba.com/race/202606040408/,未照合,異常候補,course_meta_missing;quinella_missing;top3_missing;trio_missing;weather_going_missing;wide_missing
202606040409,2026-09-13,中山,9,,,,その他,0,,,,,,,,,,,,,,,,,,,,https://db.netkeiba.com/race/list/20260913/,https://db.sp.netkeiba.com/race/202606040409/,未照合,異常候補,course_meta_missing;quinella_missing;top3_missing;trio_missing;weather_going_missing;wide_missing
202606040410,2026-09-13,中山,10,,,,その他,0,,,,,,,,,,,,,,,,,,,,https://db.netkeiba.com/race/list/20260913/,https://db.sp.netkeiba.com/race/202606040410/,未照合,異常候補,course_meta_missing;quinella_missing;top3_missing;trio_missing;weather_going_missing;wide_missing
202606040411,2026-09-13,中山,11,,,,その他,0,,,,,,,,,,,,,,,,,,,,https://db.netkeiba.com/race/list/20260913/,https://db.sp.netkeiba.com/race/202606040411/,未照合,異常候補,course_meta_missing;quinella_missing;top3_missing;trio_missing;weather_going_missing;wide_missing
202606040412,2026-09-13,中山,12,,,,その他,0,,,,,,,,,,,,,,,,,,,,https://db.netkeiba.com/race/list/20260913/,https://db.sp.netkeiba.com/race/202606040412/,未照合,異常候補,course_meta_missing;quinella_missing;top3_missing;trio_missing;weather_going_missing;wide_missing
202609040401,2026-09-13,阪神,1,,,,その他,0,,,,,,,,,,,,,,,,,,,,https://db.netkeiba.com/race/list/20260913/,https://db.sp.netkeiba.com/race/202609040401/,未照合,異常候補,course_meta_missing;quinella_missing;top3_missing;trio_missing;weather_going_missing;wide_missing
202609040402,2026-09-13,阪神,2,,,,その他,0,,,,,,,,,,,,,,,,,,,,https://db.netkeiba.com/race/list/20260913/,https://db.sp.netkeiba.com/race/202609040402/,未照合,異常候補,course_meta_missing;quinella_missing;top3_missing;trio_missing;weather_going_missing;wide_missing
202609040403,2026-09-13,阪神,3,,,,その他,0,,,,,,,,,,,,,,,,,,,,https://db.netkeiba.com/race/list/20260913/,https://db.sp.netkeiba.com/race/202609040403/,未照合,異常候補,course_meta_missing;quinella_missing;top3_missing;trio_missing;weather_going_missing;wide_missing
202609040404,2026-09-13,阪神,4,,,,その他,0,,,,,,,,,,,,,,,,,,,,https://db.netkeiba.com/race/list/20260913/,https://db.sp.netkeiba.com/race/202609040404/,未照合,異常候補,course_meta_missing;quinella_missing;top3_missing;trio_missing;weather_going_missing;wide_missing
202609040405,2026-09-13,阪神,5,,,,その他,0,,,,,,,,,,,,,,,,,,,,https://db.netkeiba.com/race/list/20260913/,https://db.sp.netkeiba.com/race/202609040405/,未照合,異常候補,course_meta_missing;quinella_missing;top3_missing;trio_missing;weather_going_missing;wide_missing
202609040406,2026-09-13,阪神,6,,,,その他,0,,,,,,,,,,,,,,,,,,,,https://db.netkeiba.com/race/list/20260913/,https://db.sp.netkeiba.com/race/202609040406/,未照合,異常候補,course_meta_missing;quinella_missing;top3_missing;trio_missing;weather_going_missing;wide_missing
202609040407,2026-09-13,阪神,7,,,,その他,0,,,,,,,,,,,,,,,,,,,,https://db.netkeiba.com/race/list/20260913/,https://db.sp.netkeiba.com/race/202609040407/,未照合,異常候補,course_meta_missing;quinella_missing;top3_missing;trio_missing;weather_going_missing;wide_missing
202609040408,2026-09-13,阪神,8,,,,その他,0,,,,,,,,,,,,,,,,,,,,https://db.netkeiba.com/race/list/20260913/,https://db.sp.netkeiba.com/race/202609040408/,未照合,異常候補,course_meta_missing;quinella_missing;top3_missing;trio_missing;weather_going_missing;wide_missing
202609040409,2026-09-13,阪神,9,,,,その他,0,,,,,,,,,,,,,,,,,,,,https://db.netkeiba.com/race/list/20260913/,https://db.sp.netkeiba.com/race/202609040409/,未照合,異常候補,course_meta_missing;quinella_missing;top3_missing;trio_missing;weather_going_missing;wide_missing
202609040410,2026-09-13,阪神,10,,,,その他,0,,,,,,,,,,,,,,,,,,,,https://db.netkeiba.com/race/list/20260913/,https://db.sp.netkeiba.com/race/202609040410/,未照合,異常候補,course_meta_missing;quinella_missing;top3_missing;trio_missing;weather_going_missing;wide_missing
202609040411,2026-09-13,阪神,11,,,,その他,0,,,,,,,,,,,,,,,,,,,,https://db.netkeiba.com/race/list/20260913/,https://db.sp.netkeiba.com/race/202609040411/,未照合,異常候補,course_meta_missing;quinella_missing;top3_missing;trio_missing;weather_going_missing;wide_missing
202609040412,2026-09-13,阪神,12,,,,その他,0,,,,,,,,,,,,,,,,,,,,https://db.netkeiba.com/race/list/20260913/,https://db.sp.netkeiba.com/race/202609040412/,未照合,異常候補,course_meta_missing;quinella_missing;top3_missing;trio_missing;weather_going_missing;wide_missing
202606040501,2026-09-19,中山,1,,,,その他,0,,,,,,,,,,,,,,,,,,,,https://db.netkeiba.com/race/list/20260919/,https://db.sp.netkeiba.com/race/202606040501/,未照合,異常候補,course_meta_missing;quinella_missing;top3_missing;trio_missing;weather_going_missing;wide_missing
202606040502,2026-09-19,中山,2,,,,その他,0,,,,,,,,,,,,,,,,,,,,https://db.netkeiba.com/race/list/20260919/,https://db.sp.netkeiba.com/race/202606040502/,未照合,異常候補,course_meta_missing;quinella_missing;top3_missing;trio_missing;weather_going_missing;wide_missing
202606040503,2026-09-19,中山,3,,,,その他,0,,,,,,,,,,,,,,,,,,,,https://db.netkeiba.com/race/list/20260919/,https://db.sp.netkeiba.com/race/202606040503/,未照合,異常候補,course_meta_missing;quinella_missing;top3_missing;trio_missing;weather_going_missing;wide_missing
202606040504,2026-09-19,中山,4,,,,その他,0,,,,,,,,,,,,,,,,,,,,https://db.netkeiba.com/race/list/20260919/,https://db.sp.netkeiba.com/race/202606040504/,未照合,異常候補,course_meta_missing;quinella_missing;top3_missing;trio_missing;weather_going_missing;wide_missing
202606040505,2026-09-19,中山,5,,,,その他,0,,,,,,,,,,,,,,,,,,,,https://db.netkeiba.com/race/list/20260919/,https://db.sp.netkeiba.com/race/202606040505/,未照合,異常候補,course_meta_missing;quinella_missing;top3_missing;trio_missing;weather_going_missing;wide_missing
202606040506,2026-09-19,中山,6,,,,その他,0,,,,,,,,,,,,,,,,,,,,https://db.netkeiba.com/race/list/20260919/,https://db.sp.netkeiba.com/race/202606040506/,未照合,異常候補,course_meta_missing;quinella_missing;top3_missing;trio_missing;weather_going_missing;wide_missing
202606040507,2026-09-19,中山,7,,,,その他,0,,,,,,,,,,,,,,,,,,,,https://db.netkeiba.com/race/list/20260919/,https://db.sp.netkeiba.com/race/202606040507/,未照合,異常候補,course_meta_missing;quinella_missing;top3_missing;trio_missing;weather_going_missing;wide_missing
202606040508,2026-09-19,中山,8,,,,その他,0,,,,,,,,,,,,,,,,,,,,https://db.netkeiba.com/race/list/20260919/,https://db.sp.netkeiba.com/race/202606040508/,未照合,異常候補,course_meta_missing;quinella_missing;top3_missing;trio_missing;weather_going_missing;wide_missing
202606040509,2026-09-19,中山,9,,,,その他,0,,,,,,,,,,,,,,,,,,,,https://db.netkeiba.com/race/list/20260919/,https://db.sp.netkeiba.com/race/202606040509/,未照合,異常候補,course_meta_missing;quinella_missing;top3_missing;trio_missing;weather_going_missing;wide_missing
202606040510,2026-09-19,中山,10,,,,その他,0,,,,,,,,,,,,,,,,,,,,https://db.netkeiba.com/race/list/20260919/,https://db.sp.netkeiba.com/race/202606040510/,未照合,異常候補,course_meta_missing;quinella_missing;top3_missing;trio_missing;weather_going_missing;wide_missing
202606040511,2026-09-19,中山,11,,,,その他,0,,,,,,,,,,,,,,,,,,,,https://db.netkeiba.com/race/list/20260919/,https://db.sp.netkeiba.com/race/202606040511/,未照合,異常候補,course_meta_missing;quinella_missing;top3_missing;trio_missing;weather_going_missing;wide_missing
202606040512,2026-09-19,中山,12,,,,その他,0,,,,,,,,,,,,,,,,,,,,https://db.netkeiba.com/race/list/20260919/,https://db.sp.netkeiba.com/race/202606040512/,未照合,異常候補,course_meta_missing;quinella_missing;top3_missing;trio_missing;weather_going_missing;wide_missing
202609040501,2026-09-19,阪神,1,,,,その他,0,,,,,,,,,,,,,,,,,,,,https://db.netkeiba.com/race/list/20260919/,https://db.sp.netkeiba.com/race/202609040501/,未照合,異常候補,course_meta_missing;quinella_missing;top3_missing;trio_missing;weather_going_missing;wide_missing
202609040502,2026-09-19,阪神,2,,,,その他,0,,,,,,,,,,,,,,,,,,,,https://db.netkeiba.com/race/list/20260919/,https://db.sp.netkeiba.com/race/202609040502/,未照合,異常候補,course_meta_missing;quinella_missing;top3_missing;trio_missing;weather_going_missing;wide_missing
202609040503,2026-09-19,阪神,3,,,,その他,0,,,,,,,,,,,,,,,,,,,,https://db.netkeiba.com/race/list/20260919/,https://db.sp.netkeiba.com/race/202609040503/,未照合,異常候補,course_meta_missing;quinella_missing;top3_missing;trio_missing;weather_going_missing;wide_missing
202609040504,2026-09-19,阪神,4,,,,その他,0,,,,,,,,,,,,,,,,,,,,https://db.netkeiba.com/race/list/20260919/,https://db.sp.netkeiba.com/race/202609040504/,未照合,異常候補,course_meta_missing;quinella_missing;top3_missing;trio_missing;weather_going_missing;wide_missing
202609040505,2026-09-19,阪神,5,,,,その他,0,,,,,,,,,,,,,,,,,,,,https://db.netkeiba.com/race/list/20260919/,https://db.sp.netkeiba.com/race/202609040505/,未照合,異常候補,course_meta_missing;quinella_missing;top3_missing;trio_missing;weather_going_missing;wide_missing
202609040506,2026-09-19,阪神,6,,,,その他,0,,,,,,,,,,,,,,,,,,,,https://db.netkeiba.com/race/list/20260919/,https://db.sp.netkeiba.com/race/202609040506/,未照合,異常候補,course_meta_missing;quinella_missing;top3_missing;trio_missing;weather_going_missing;wide_missing
202609040507,2026-09-19,阪神,7,,,,その他,0,,,,,,,,,,,,,,,,,,,,https://db.netkeiba.com/race/list/20260919/,https://db.sp.netkeiba.com/race/202609040507/,未照合,異常候補,course_meta_missing;quinella_missing;top3_missing;trio_missing;weather_going_missing;wide_missing
202609040508,2026-09-19,阪神,8,,,,その他,0,,,,,,,,,,,,,,,,,,,,https://db.netkeiba.com/race/list/20260919/,https://db.sp.netkeiba.com/race/202609040508/,未照合,異常候補,course_meta_missing;quinella_missing;top3_missing;trio_missing;weather_going_missing;wide_missing
202609040509,2026-09-19,阪神,9,,,,その他,0,,,,,,,,,,,,,,,,,,,,https://db.netkeiba.com/race/list/20260919/,https://db.sp.netkeiba.com/race/202609040509/,未照合,異常候補,course_meta_missing;quinella_missing;top3_missing;trio_missing;weather_going_missing;wide_missing
202609040510,2026-09-19,阪神,10,,,,その他,0,,,,,,,,,,,,,,,,,,,,https://db.netkeiba.com/race/list/20260919/,https://db.sp.netkeiba.com/race/202609040510/,未照合,異常候補,course_meta_missing;quinella_missing;top3_missing;trio_missing;weather_going_missing;wide_missing
202609040511,2026-09-19,阪神,11,,,,その他,0,,,,,,,,,,,,,,,,,,,,https://db.netkeiba.com/race/list/20260919/,https://db.sp.netkeiba.com/race/202609040511/,未照合,異常候補,course_meta_missing;quinella_missing;top3_missing;trio_missing;weather_going_missing;wide_missing
202609040512,2026-09-19,阪神,12,,,,その他,0,,,,,,,,,,,,,,,,,,,,https://db.netkeiba.com/race/list/20260919/,https://db.sp.netkeiba.com/race/202609040512/,未照合,異常候補,course_meta_missing;quinella_missing;top3_missing;trio_missing;weather_going_missing;wide_missing
202606040601,2026-09-20,中山,1,,,,その他,0,,,,,,,,,,,,,,,,,,,,https://db.netkeiba.com/race/list/20260920/,https://db.sp.netkeiba.com/race/202606040601/,未照合,異常候補,course_meta_missing;quinella_missing;top3_missing;trio_missing;weather_going_missing;wide_missing
202606040602,2026-09-20,中山,2,,,,その他,0,,,,,,,,,,,,,,,,,,,,https://db.netkeiba.com/race/list/20260920/,https://db.sp.netkeiba.com/race/202606040602/,未照合,異常候補,course_meta_missing;quinella_missing;top3_missing;trio_missing;weather_going_missing;wide_missing
202606040603,2026-09-20,中山,3,,,,その他,0,,,,,,,,,,,,,,,,,,,,https://db.netkeiba.com/race/list/20260920/,https://db.sp.netkeiba.com/race/202606040603/,未照合,異常候補,course_meta_missing;quinella_missing;top3_missing;trio_missing;weather_going_missing;wide_missing
202606040604,2026-09-20,中山,4,,,,その他,0,,,,,,,,,,,,,,,,,,,,https://db.netkeiba.com/race/list/20260920/,https://db.sp.netkeiba.com/race/202606040604/,未照合,異常候補,course_meta_missing;quinella_missing;top3_missing;trio_missing;weather_going_missing;wide_missing
202606040605,2026-09-20,中山,5,,,,その他,0,,,,,,,,,,,,,,,,,,,,https://db.netkeiba.com/race/list/20260920/,https://db.sp.netkeiba.com/race/202606040605/,未照合,異常候補,course_meta_missing;quinella_missing;top3_missing;trio_missing;weather_going_missing;wide_missing
202606040606,2026-09-20,中山,6,,,,その他,0,,,,,,,,,,,,,,,,,,,,https://db.netkeiba.com/race/list/20260920/,https://db.sp.netkeiba.com/race/202606040606/,未照合,異常候補,course_meta_missing;quinella_missing;top3_missing;trio_missing;weather_going_missing;wide_missing
202606040607,2026-09-20,中山,7,,,,その他,0,,,,,,,,,,,,,,,,,,,,https://db.netkeiba.com/race/list/20260920/,https://db.sp.netkeiba.com/race/202606040607/,未照合,異常候補,course_meta_missing;quinella_missing;top3_missing;trio_missing;weather_going_missing;wide_missing
202606040608,2026-09-20,中山,8,,,,その他,0,,,,,,,,,,,,,,,,,,,,https://db.netkeiba.com/race/list/20260920/,https://db.sp.netkeiba.com/race/202606040608/,未照合,異常候補,course_meta_missing;quinella_missing;top3_missing;trio_missing;weather_going_missing;wide_missing
202606040609,2026-09-20,中山,9,,,,その他,0,,,,,,,,,,,,,,,,,,,,https://db.netkeiba.com/race/list/20260920/,https://db.sp.netkeiba.com/race/202606040609/,未照合,異常候補,course_meta_missing;quinella_missing;top3_missing;trio_missing;weather_going_missing;wide_missing
202606040610,2026-09-20,中山,10,,,,その他,0,,,,,,,,,,,,,,,,,,,,https://db.netkeiba.com/race/list/20260920/,https://db.sp.netkeiba.com/race/202606040610/,未照合,異常候補,course_meta_missing;quinella_missing;top3_missing;trio_missing;weather_going_missing;wide_missing
202606040611,2026-09-20,中山,11,,,,その他,0,,,,,,,,,,,,,,,,,,,,https://db.netkeiba.com/race/list/20260920/,https://db.sp.netkeiba.com/race/202606040611/,未照合,異常候補,course_meta_missing;quinella_missing;top3_missing;trio_missing;weather_going_missing;wide_missing
202606040612,2026-09-20,中山,12,,,,その他,0,,,,,,,,,,,,,,,,,,,,https://db.netkeiba.com/race/list/20260920/,https://db.sp.netkeiba.com/race/202606040612/,未照合,異常候補,course_meta_missing;quinella_missing;top3_missing;trio_missing;weather_going_missing;wide_missing
202609040601,2026-09-20,阪神,1,,,,その他,0,,,,,,,,,,,,,,,,,,,,https://db.netkeiba.com/race/list/20260920/,https://db.sp.netkeiba.com/race/202609040601/,未照合,異常候補,course_meta_missing;quinella_missing;top3_missing;trio_missing;weather_going_missing;wide_missing
202609040602,2026-09-20,阪神,2,,,,その他,0,,,,,,,,,,,,,,,,,,,,https://db.netkeiba.com/race/list/20260920/,https://db.sp.netkeiba.com/race/202609040602/,未照合,異常候補,course_meta_missing;quinella_missing;top3_missing;trio_missing;weather_going_missing;wide_missing
202609040603,2026-09-20,阪神,3,,,,その他,0,,,,,,,,,,,,,,,,,,,,https://db.netkeiba.com/race/list/20260920/,https://db.sp.netkeiba.com/race/202609040603/,未照合,異常候補,course_meta_missing;quinella_missing;top3_missing;trio_missing;weather_going_missing;wide_missing
202609040604,2026-09-20,阪神,4,,,,その他,0,,,,,,,,,,,,,,,,,,,,https://db.netkeiba.com/race/list/20260920/,https://db.sp.netkeiba.com/race/202609040604/,未照合,異常候補,course_meta_missing;quinella_missing;top3_missing;trio_missing;weather_going_missing;wide_missing
202609040605,2026-09-20,阪神,5,,,,その他,0,,,,,,,,,,,,,,,,,,,,https://db.netkeiba.com/race/list/20260920/,https://db.sp.netkeiba.com/race/202609040605/,未照合,異常候補,course_meta_missing;quinella_missing;top3_missing;trio_missing;weather_going_missing;wide_missing
202609040606,2026-09-20,阪神,6,,,,その他,0,,,,,,,,,,,,,,,,,,,,https://db.netkeiba.com/race/list/20260920/,https://db.sp.netkeiba.com/race/202609040606/,未照合,異常候補,course_meta_missing;quinella_missing;top3_missing;trio_missing;weather_going_missing;wide_missing
202609040607,2026-09-20,阪神,7,,,,その他,0,,,,,,,,,,,,,,,,,,,,https://db.netkeiba.com/race/list/20260920/,https://db.sp.netkeiba.com/race/202609040607/,未照合,異常候補,course_meta_missing;quinella_missing;top3_missing;trio_missing;weather_going_missing;wide_missing
202609040608,2026-09-20,阪神,8,,,,その他,0,,,,,,,,,,,,,,,,,,,,https://db.netkeiba.com/race/list/20260920/,https://db.sp.netkeiba.com/race/202609040608/,未照合,異常候補,course_meta_missing;quinella_missing;top3_missing;trio_missing;weather_going_missing;wide_missing
202609040609,2026-09-20,阪神,9,,,,その他,0,,,,,,,,,,,,,,,,,,,,https://db.netkeiba.com/race/list/20260920/,https://db.sp.netkeiba.com/race/202609040609/,未照合,異常候補,course_meta_missing;quinella_missing;top3_missing;trio_missing;weather_going_missing;wide_missing
202609040610,2026-09-20,阪神,10,,,,その他,0,,,,,,,,,,,,,,,,,,,,https://db.netkeiba.com/race/list/20260920/,https://db.sp.netkeiba.com/race/202609040610/,未照合,異常候補,course_meta_missing;quinella_missing;top3_missing;trio_missing;weather_going_missing;wide_missing
202609040611,2026-09-20,阪神,11,,,,その他,0,,,,,,,,,,,,,,,,,,,,https://db.netkeiba.com/race/list/20260920/,https://db.sp.netkeiba.com/race/202609040611/,未照合,異常候補,course_meta_missing;quinella_missing;top3_missing;trio_missing;weather_going_missing;wide_missing
202609040612,2026-09-20,阪神,12,,,,その他,0,,,,,,,,,,,,,,,,,,,,https://db.netkeiba.com/race/list/20260920/,https://db.sp.netkeiba.com/race/202609040612/,未照合,異常候補,course_meta_missing;quinella_missing;top3_missing;trio_missing;weather_going_missing;wide_missing
202606040701,2026-09-21,中山,1,,,,その他,0,,,,,,,,,,,,,,,,,,,,https://db.netkeiba.com/race/list/20260921/,https://db.sp.netkeiba.com/race/202606040701/,未照合,異常候補,course_meta_missing;quinella_missing;top3_missing;trio_missing;weather_going_missing;wide_missing
202606040702,2026-09-21,中山,2,,,,その他,0,,,,,,,,,,,,,,,,,,,,https://db.netkeiba.com/race/list/20260921/,https://db.sp.netkeiba.com/race/202606040702/,未照合,異常候補,course_meta_missing;quinella_missing;top3_missing;trio_missing;weather_going_missing;wide_missing
202606040703,2026-09-21,中山,3,,,,その他,0,,,,,,,,,,,,,,,,,,,,https://db.netkeiba.com/race/list/20260921/,https://db.sp.netkeiba.com/race/202606040703/,未照合,異常候補,course_meta_missing;quinella_missing;top3_missing;trio_missing;weather_going_missing;wide_missing
202606040704,2026-09-21,中山,4,,,,その他,0,,,,,,,,,,,,,,,,,,,,https://db.netkeiba.com/race/list/20260921/,https://db.sp.netkeiba.com/race/202606040704/,未照合,異常候補,course_meta_missing;quinella_missing;top3_missing;trio_missing;weather_going_missing;wide_missing
202606040705,2026-09-21,中山,5,,,,その他,0,,,,,,,,,,,,,,,,,,,,https://db.netkeiba.com/race/list/20260921/,https://db.sp.netkeiba.com/race/202606040705/,未照合,異常候補,course_meta_missing;quinella_missing;top3_missing;trio_missing;weather_going_missing;wide_missing
202606040706,2026-09-21,中山,6,,,,その他,0,,,,,,,,,,,,,,,,,,,,https://db.netkeiba.com/race/list/20260921/,https://db.sp.netkeiba.com/race/202606040706/,未照合,異常候補,course_meta_missing;quinella_missing;top3_missing;trio_missing;weather_going_missing;wide_missing
202606040707,2026-09-21,中山,7,,,,その他,0,,,,,,,,,,,,,,,,,,,,https://db.netkeiba.com/race/list/20260921/,https://db.sp.netkeiba.com/race/202606040707/,未照合,異常候補,course_meta_missing;quinella_missing;top3_missing;trio_missing;weather_going_missing;wide_missing
202606040708,2026-09-21,中山,8,,,,その他,0,,,,,,,,,,,,,,,,,,,,https://db.netkeiba.com/race/list/20260921/,https://db.sp.netkeiba.com/race/202606040708/,未照合,異常候補,course_meta_missing;quinella_missing;top3_missing;trio_missing;weather_going_missing;wide_missing
202606040709,2026-09-21,中山,9,,,,その他,0,,,,,,,,,,,,,,,,,,,,https://db.netkeiba.com/race/list/20260921/,https://db.sp.netkeiba.com/race/202606040709/,未照合,異常候補,course_meta_missing;quinella_missing;top3_missing;trio_missing;weather_going_missing;wide_missing
202606040710,2026-09-21,中山,10,,,,その他,0,,,,,,,,,,,,,,,,,,,,https://db.netkeiba.com/race/list/20260921/,https://db.sp.netkeiba.com/race/202606040710/,未照合,異常候補,course_meta_missing;quinella_missing;top3_missing;trio_missing;weather_going_missing;wide_missing
202606040711,2026-09-21,中山,11,,,,その他,0,,,,,,,,,,,,,,,,,,,,https://db.netkeiba.com/race/list/20260921/,https://db.sp.netkeiba.com/race/202606040711/,未照合,異常候補,course_meta_missing;quinella_missing;top3_missing;trio_missing;weather_going_missing;wide_missing
202606040712,2026-09-21,中山,12,,,,その他,0,,,,,,,,,,,,,,,,,,,,https://db.netkeiba.com/race/list/20260921/,https://db.sp.netkeiba.com/race/202606040712/,未照合,異常候補,course_meta_missing;quinella_missing;top3_missing;trio_missing;weather_going_missing;wide_missing
202609040701,2026-09-21,阪神,1,,,,その他,0,,,,,,,,,,,,,,,,,,,,https://db.netkeiba.com/race/list/20260921/,https://db.sp.netkeiba.com/race/202609040701/,未照合,異常候補,course_meta_missing;quinella_missing;top3_missing;trio_missing;weather_going_missing;wide_missing
202609040702,2026-09-21,阪神,2,,,,その他,0,,,,,,,,,,,,,,,,,,,,https://db.netkeiba.com/race/list/20260921/,https://db.sp.netkeiba.com/race/202609040702/,未照合,異常候補,course_meta_missing;quinella_missing;top3_missing;trio_missing;weather_going_missing;wide_missing
202609040703,2026-09-21,阪神,3,,,,その他,0,,,,,,,,,,,,,,,,,,,,https://db.netkeiba.com/race/list/20260921/,https://db.sp.netkeiba.com/race/202609040703/,未照合,異常候補,course_meta_missing;quinella_missing;top3_missing;trio_missing;weather_going_missing;wide_missing
202609040704,2026-09-21,阪神,4,,,,その他,0,,,,,,,,,,,,,,,,,,,,https://db.netkeiba.com/race/list/20260921/,https://db.sp.netkeiba.com/race/202609040704/,未照合,異常候補,course_meta_missing;quinella_missing;top3_missing;trio_missing;weather_going_missing;wide_missing
202609040705,2026-09-21,阪神,5,,,,その他,0,,,,,,,,,,,,,,,,,,,,https://db.netkeiba.com/race/list/20260921/,https://db.sp.netkeiba.com/race/202609040705/,未照合,異常候補,course_meta_missing;quinella_missing;top3_missing;trio_missing;weather_going_missing;wide_missing
202609040706,2026-09-21,阪神,6,,,,その他,0,,,,,,,,,,,,,,,,,,,,https://db.netkeiba.com/race/list/20260921/,https://db.sp.netkeiba.com/race/202609040706/,未照合,異常候補,course_meta_missing;quinella_missing;top3_missing;trio_missing;weather_going_missing;wide_missing
202609040707,2026-09-21,阪神,7,,,,その他,0,,,,,,,,,,,,,,,,,,,,https://db.netkeiba.com/race/list/20260921/,https://db.sp.netkeiba.com/race/202609040707/,未照合,異常候補,course_meta_missing;quinella_missing;top3_missing;trio_missing;weather_going_missing;wide_missing
202609040708,2026-09-21,阪神,8,,,,その他,0,,,,,,,,,,,,,,,,,,,,https://db.netkeiba.com/race/list/20260921/,https://db.sp.netkeiba.com/race/202609040708/,未照合,異常候補,course_meta_missing;quinella_missing;top3_missing;trio_missing;weather_going_missing;wide_missing
202609040709,2026-09-21,阪神,9,,,,その他,0,,,,,,,,,,,,,,,,,,,,https://db.netkeiba.com/race/list/20260921/,https://db.sp.netkeiba.com/race/202609040709/,未照合,異常候補,course_meta_missing;quinella_missing;top3_missing;trio_missing;weather_going_missing;wide_missing
202609040710,2026-09-21,阪神,10,,,,その他,0,,,,,,,,,,,,,,,,,,,,https://db.netkeiba.com/race/list/20260921/,https://db.sp.netkeiba.com/race/202609040710/,未照合,異常候補,course_meta_missing;quinella_missing;top3_missing;trio_missing;weather_going_missing;wide_missing
202609040711,2026-09-21,阪神,11,,,,その他,0,,,,,,,,,,,,,,,,,,,,https://db.netkeiba.com/race/list/20260921/,https://db.sp.netkeiba.com/race/202609040711/,未照合,異常候補,course_meta_missing;quinella_missing;top3_missing;trio_missing;weather_going_missing;wide_missing
202609040712,2026-09-21,阪神,12,,,,その他,0,,,,,,,,,,,,,,,,,,,,https://db.netkeiba.com/race/list/20260921/,https://db.sp.netkeiba.com/race/202609040712/,未照合,異常候補,course_meta_missing;quinella_missing;top3_missing;trio_missing;weather_going_missing;wide_missing
